-- phpMyAdmin SQL Dump
-- version 4.9.2
-- https://www.phpmyadmin.net/
--
-- Host: 127.0.0.1:3308
-- Generation Time: Nov 01, 2022 at 12:46 AM
-- Server version: 8.0.18
-- PHP Version: 7.3.12

SET SQL_MODE = "NO_AUTO_VALUE_ON_ZERO";
SET AUTOCOMMIT = 0;
START TRANSACTION;
SET time_zone = "+00:00";


/*!40101 SET @OLD_CHARACTER_SET_CLIENT=@@CHARACTER_SET_CLIENT */;
/*!40101 SET @OLD_CHARACTER_SET_RESULTS=@@CHARACTER_SET_RESULTS */;
/*!40101 SET @OLD_COLLATION_CONNECTION=@@COLLATION_CONNECTION */;
/*!40101 SET NAMES utf8mb4 */;

--
-- Database: `registration_system`
--

-- --------------------------------------------------------

--
-- Table structure for table `accesses`
--

DROP TABLE IF EXISTS `accesses`;
CREATE TABLE IF NOT EXISTS `accesses` (
  `id` int(11) NOT NULL AUTO_INCREMENT,
  `name` varchar(60) NOT NULL,
  `active` bit(1) NOT NULL,
  `description` varchar(200) DEFAULT NULL,
  PRIMARY KEY (`id`)
) ENGINE=InnoDB AUTO_INCREMENT=4 DEFAULT CHARSET=utf8mb4 COLLATE=utf8mb4_0900_ai_ci;

--
-- Dumping data for table `accesses`
--

INSERT INTO `accesses` (`id`, `name`, `active`, `description`) VALUES
(1, 'EJPP', b'1', 'ACCESO MITRE Y LAVALLE'),
(2, 'BLOQUE2', b'1', 'PUERTA ANFI'),
(3, 'RECTORADO', b'1', 'PUERTA CAJERO');

-- --------------------------------------------------------

--
-- Table structure for table `credentials`
--

DROP TABLE IF EXISTS `credentials`;
CREATE TABLE IF NOT EXISTS `credentials` (
  `id` int(11) NOT NULL AUTO_INCREMENT,
  `active` bit(1) NOT NULL,
  `data` varchar(255) NOT NULL,
  `img` longblob NOT NULL,
  `person_fk` int(11) NOT NULL,
  PRIMARY KEY (`id`),
  KEY `FK1j8wje6aitf1udnkjwno1t8ci` (`person_fk`)
) ENGINE=InnoDB AUTO_INCREMENT=15 DEFAULT CHARSET=utf8mb4 COLLATE=utf8mb4_0900_ai_ci;

--
-- Dumping data for table `credentials`
--

INSERT INTO `credentials` (`id`, `active`, `data`, `img`, `person_fk`) VALUES
(1, b'1', 'oILZ4ekxYxI0TiPKAMwim3HOiFblqWSWt/A/oBOCGeKMX3y+T7RQqA==', 0x89504e470d0a1a0a0000000d494844520000015e0000015e0100000000e5504ab7000001ae49444154785eedd1516e03210c04506ec2fd6fc54122a5cc8cbdb8ad5455c57f1d67c382fd261f61bc7f5faff1b5f34319d732ae655ccbb896712de35aff05afc19a786399bbb3bff34c8c5b300f6bae1078f1f44c8c7b306ee25072769e897127dedb0137f57c9a18b7e145a86f648d5b7189c4307b6735bec683b5d1b74f4c8c3b70d6425737f026d436cab84eff82d9de924fbeb4c4c4b803c3cf35791ffa32a3160ec62d382e65a01d0c73415d8c7107e681532632f246062fe32e1c0f86c1e810c7d1b805a311931338deb8094f04765103d0f178b4f1352644261f84d06584c6b801c71c6f00c54fd3b807639852412d7ce131eec1b0b8060506d6c96e6cc88daf71d69a88e113491d688daf31da839732b003c213965be3061cb5996298f3831f486b7c8dd90cba27e122a98d7103c61ce4e16ca813ab7103d60d70cdeb89fdb912e37b9ca5106f4389dc4fe30e9c7f7fee69b027346ec36268aec1d18e045afa0de316ac2153b91d68f286f45bc67d187d109ed19eca501b7761ce22c12d07081bf7e013c9c313d6d9b803f39f1fc07c019012a737bec5bf2be35ac6b58c6b19d732ae655ccbb8d6eb03dfdd7bb596691aeb0000000049454e44ae426082, 2),
(2, b'1', 'QpzpvEfyFo3GPTsDPMhubOdIX35mBGj7H0X6JuQZahW4DrQ63PK4vQ==', 0x89504e470d0a1a0a0000000d494844520000015e0000015e0100000000e5504ab7000001bd49444154785eedd1416ec4300c0340ffc4ffff951e52203549d911f65014b56ea5924d6c6998c37a3cbfafaff1d9f9a18c6b19d732ae655ccbb89671adff8263b026de78cc984fe07126c62d981b8e294475bd73e37b7c4e429318f2efc4b81327c3fa5cc6ed3808d76f609b11e3465c2227867b4f8c5bf060117d5c3931eec0bb025d9d00b767c532aef5171cf8db97e4cd17833a134e8c7bf0c409047a7850691f8c18b760f031c10759ceb17bbf627c8f4f8f7440b2595ec67ba6fa2b5e4e8c6fdc39584dad8daf71766272c8e4cee132eec120180df531d65a6f7cc2b803ef4efea03967905f32eec09263093e768a173e44657c8f73a2d8d9ee05f3c6d7f8c159acd3d084c712f8ad854ecab80967024346b89d68a47c8c1b30088e85c37cd032c88e71034e81f15ae241c95b0de306bcb628b482218461b043d0b805830331f00234b19035bec64134d0874fa01d8bdaf816ef4a25b6d758706a7c8bf3cf672fd7d9416c3ed2c6d7586c8d965de39cc3e9c132bec700a2cfbb8c7332c6bd981b0265d69b7b4e8cbb702881171244819c71137e239c6aa51467c62d78b030810267ea841830bec5bf2be35ac6b58c6b19d732ae655ccbb8d6d7372410ab852d846ca60000000049454e44ae426082, 3),
(3, b'1', '9N4updo0OXumKEA/TyKByz1bMOKgNt11U8VrPQCD5Sk=', 0x89504e470d0a1a0a0000000d494844520000015e0000015e0100000000e5504ab70000021049444154785eed9a3172c2400c4595a170e923ec517c34389a8fe223b874c1b0d197764124990c45d0a6f8bfc0587a5b69247d7690fabaaef235f28b0847118e221c45388a7014e128c2510ddec555ea71aa55ce16bc899cd796b008e15c78b2c75a10512ddb7c9c6ee291da8f134e86c19cd7a2a5fca856b8c92bd82384c7c1f5d067bde8c774b55384ff015c95516db3a6046d45781c6c0f54501750bde8ac6b0ba85882f008585c65bf7753fbd21284f3e1bbbc89704acc153c8970d4dbe1ce60ef60c4996ed844a5b6e947381b0e02acb34e30fdd4487bf0e7b622fcac3f8795b11127b68030f49cd9acae8407c03ed9ba195058e643d04d2b4ef5a1473815ae87174abc9bb47033a2fa0ef306cf46381dbe379155b08db8f6e571754638171648ddb2dd8f59ca7fdd68d48d34e17cd8afc57a2965d904e6ada91d279c0c6301c115208205549c5159a3f921c2a970350f7059bc94de4d062f48121e027b5b8916ce1d5a3f6e56cdac35e174b862ef7805bdade09f05b94d4bd94538157e3078b37a993d80080f82eff24d24526ab7cdfb37ab46380776ffac4c187a38a53e61c72d0de111f0640f4d59bdc4669d17ce6a6a59c2d9b0ce3aaf9769f1acbf101e0cd76606a09bf984d65f84c7c13bda4aed41b16e5266fbe94e86700e6c0fc0be8054a710b12ce164b8013eeb5041ef265936fb63d2730509a7c0af897014e128c25184a30847118e221cf546f8134a870edf3a76b0c10000000049454e44ae426082, 4),
(4, b'1', '7RlasOEr1hrH+EE/JIOzDiRi/xsJwmzc3wW3uDEaDnCglGcnq0LJhw==', 0x89504e470d0a1a0a0000000d494844520000015e0000015e0100000000e5504ab7000001b449444154785eedd1c171c3300c445176c2febb62219e71f817a002fb90f144c8298b4422897dd0c11ccfcfeb31de3b3f94712de35ac6b58c6b19d732aef55ff01aaac9ca6b3f93eebc12e316acc39a7b65bbc0a274aedcf83ed64d1caa273a5762dc89f776c8e96dfc477889889d59e3565c46ead89518b7e0a1127afbcbc4b8039f5ae51e187d098d5fea3778fff45331fff1c40c77a2c4b80b03954f3d2f2de31e9c133384482ed7b07103ceee0be748692b657c178757bc1772de311f13c61d985c2c71f464f00c1b3760855331fd1513a1b261dc8005691caa192531ae32be8be9a6cf295436b3617c1fef6465c666afec34c0fe49687c1f87cb89b80548de87bc7107465e9b081967b3df4c1ab760d2313442aab7d877c7b801cbadc46c75357c833416e3bb788d091f2c709d721fa3c61df8f420a273e94f5fd1dbb803d34b80570ee0a4d5b8059fda13046790a93c1b7760fdf803b959ec95e7481c8cef631d08c4cf496885346ec10441c539a8a9eb8969e346bcdb22e175a6216ddc8571c191f4cfac710fce91103233e8fe8042e30ecc0f5fae65b10d281b1f33be8b3f2be35ac6b58c6b19d732ae655ccbb8d6e30bfb6eab85465d5c7e0000000049454e44ae426082, 5),
(5, b'1', 'ixkOPjtwIoAJA7pWUBW0orDupYJtG5e02xilElMW0Xrxk33TIaxNxg==', 0x89504e470d0a1a0a0000000d494844520000015e0000015e0100000000e5504ab7000001b549444154785eedd1416e03210c85616ec2fd6fc54122a5bcdf26b5b2a8a2e2aefa9c19c0f8f32ce2f1fc3c1ee3fde68730ae615cc3b886710de31ac635fe0b5e8398dab54c2eb59e8a710bceeade758cb41c6335bec79a44a12b66a3f6ac187762d87e03ea68fc077809f272326ec7a585775fd0722ac62d781014df7e5931eec02716c350454b8ce23b8c6bfc062ffded5bf2c436c19a0915e30e2c3ff5e3709255ba8c5bf04ef5ff6b044c45ab8eecd1617c8ff72daf4e87e717f6ab26e31e3c0062025997e68930bec5dc0d8938a89d252e521b5f630aaf4ab666fae2c6b758a5b04a548c345bf666dc8355cbba2a22fa843a6937eec0d11025293da72f2f8c5b70946860406139921a776092153064dc710a69dc85370d35002bc7149971078e623661c0937636e30ecc5fffe42e7af6c5d0928e8f185f63eaa126749693128cf12d66064f95474c83c6c8b8316ec127a44007d2c4808c1b70542033cf3ac08c1b3109d75233ce6ad587281ab7e0839450d59af33905e3661c8227732ac65d58fb3c3cc9fe44341937e06c992a65c72ba368dc817308b14fa620f3bac71bdfe2cfc2b886710de31ac6358c6b18d730aef1f80217389b955782ee020000000049454e44ae426082, 6),
(6, b'1', 'txFtPYCt5yGv/Ns2HsW4Rhq+kHUjwaSCrzT3dLBUipLiphBdNQ9mZg==', 0x89504e470d0a1a0a0000000d494844520000015e0000015e0100000000e5504ab7000001b149444154785eedd1cb6dc4300c045076a2febb5221011ccd0ca5307b08161173cad0b2cdcfa32f8ee7fdf888d7ce0f615cc3b886710de31ac6358c6bfc173c8331900cdccf1c8fee3d31eec02cf89c923adf26c60d987f63f0a7a01ada2a13e3468c37369818ff254626c697712fcee70cde583aef3337bec6c1e0f0e5ca8971073e91ff45bf01b80e8debf0379860e2afaca307287f86968d3b301730804246c78db3647c8fb31dab3b3500615232e37b8c6b690e2676d63cdfdb1adfe3dd95dd2f7e449f326ec313068f0008ad3cd4488c3bf02ad1d20831909e82caf81a0ff26d33c3ba0e91f13d460b08092ea68855a069dc82175f3d9aaf223d7219e35b0c95e30131b8a893dbc60d18a51ae823cff5606862dc81576b236e9c3d58d5c6b7188423e50be44e298c1b305b81c95a61b63fa263dc84b5b1ae0d90726f686adc813115c3786ea2323f667c8d77507157795d30bec76c70483e79b8c48eacf13d6685c1403a35e5229f9a1bdfe3d3d2030c9b8118f931e3368c834c477b5c33eec581fe2e895418f7e05c49813538ac4452e3061c8c84a23862f932bec6ef85710de31ac6358c6b18d730ae615ce3e31368b4eb4520e123e40000000049454e44ae426082, 7),
(7, b'1', '/XL15GUlacwgx0LxMUiWftGLIjoXL8CGUvBcSx0Q7QAbABm4VIxm2LrGXvfKEOrc', 0x89504e470d0a1a0a0000000d494844520000015e0000015e0100000000e5504ab7000001bc49444154785eedd2d16d24310c035077a2febb72210b4c44524e84000982b5fe42cd9ec7961ee7e39cf5fcbd5eeb7be79732ee65dccbb897712fe35ec6bdfe0bde8b15cf8e3cc45ef9cb7f389c89f104e6a1296ed03c13e3195c9780174edcd7a289f120de95e02c5bea194f63ee6a450a3fe3495c11d1f585cec478042f1687df9e9a184fe05e42da089d32ee937730ffeb7501a0bc840c60f39935bec7d4e8a00d25833c239c195f639c51147ccb61521be3119ce70379c2367447dc198f61ac1b8fee81497418311ec1ea09c617ab2f2d7ecbf81aa35390210c61e94ec8f81a8b70aa17e688a0cba8f1085e68913cba08fc50c1b3b8f1086687818dad969f2ec5f81dfc9096c9a0a6f9122e6d7c8bd166472164d0412cd7b2c62338db9c416a593c55d4780ad7aec0c971a799f1045ec1bffc3ce40b6374f4b06d3c821990c554710d963e623c81abb5034f65024d448c67f0a9ead2b0a2c58de316d734f88e9c8ba0c3559f32bec63c62ddb238c0b1633c87eb02da9c1d5d5295f1182e948d4731b47671e3318c416eb5570e4369e37b5c113cebfc082b613c82172b3040406976b1d7b78caff1dfcab897712fe35ec6bd8c7b19f732eef5fa00259d939d9a9e08be0000000049454e44ae426082, 8),
(8, b'1', 'NSdJ9VHuAX25BqgxTUFj6vfu2a17zZLjaMjUiXINgjJugAmKGNLToZSPekb9xxjC', 0x89504e470d0a1a0a0000000d494844520000015e0000015e0100000000e5504ab7000001b249444154785eedd2416ead400c44d1de09fbdf150b8944b85586581944d16fff51ca3c35ddf62906f0d6f5fbfa58df3b3f5470afe05ec1bd827b05f70aeef557f0b954c7751e1c8eb775bc93e009acc3798ff8d5d1c99ab006efe3fbe51f778b9b474e7279123c883df7d6a1e0ff815bec2b153c882be23673f5bf26acc1db78a984bf5d35099ec0bdfc012ee4b3af0aee937fc17af5fe00ac10be877eba8267301d0f48ea64eaa0d6e009ccf0d0e6284eae6242c1fb782d5a7503b357502782c103581f44f4de6aad08a7e029cc64697e0f30cabd4dd1e009acd7ef97af2fc41dee9dd6e06d4c9f56cd19fa83d4438482b7318a3f3c03a66f46bf4707efe2bbe181dbcec999f916bc8d17ea44b07db03afa4905efe20bc45037987bbe88064fe0a757b2128a3292091ec1825ecab068483778063fa62230378367b167b81a19d563d40a1ec06e69e57a82b5068fe0a7aa6da8280f3ae95dc1fb986903caa87777940c9ec13ab1ca42acd5291b3c806999d4445bbc23c1c3f8d2ee212d1d3c88215aec88e9163c842b72df2d0872f4438482f7f15241c496426fa474f02efe5d05f70aee15dc2bb85770afe05ec1bd3e3e016c5ac36d36cf09190000000049454e44ae426082, 10),
(9, b'1', 'Bc3iOPyTnCHUBTUCL5s2Fs+5bN1Vx1KxuzNWUTYFoSEs2w5UEdCVXZ7PQfsuN5p5', 0x89504e470d0a1a0a0000000d494844520000015e0000015e0100000000e5504ab7000001b249444154785eedd1416ec4300c0340fd24ffff951f52602b9252e2eda1286af5542a59c7a646396ce2f5f3fa88afc93765bc97f15ec67b19ef65bc97f15eff05af605db9bb70eccdde311ec03cac6b6980bdcc72d31de3190cb6bac5af70675c8d27f10b7794c5cef84ff0b32a329ec635c2ebd93c1de3111cac326f57758c2770179acce52e7d8c2ee3bdfb1bac9c30bf42ee6a8389e817189f6336d14317ed2e30e3310c986bdc0bcec83179f165c603989d4bdd6e734cb9f10cae28f8eba19ead19e3110cae8b03203ce815e4c6a798211dfb04b960487354c6a7986d593cf5089418df607c8cb351a69e17a2e0aa51e3119cb16ca0a3fb55065d96f12946204d7567f40899199f6230c4b8713562433be3015c03e46fd3f2151a1f633591aac373f41133c60378112eeaaa8a30d1b9f1296698d9f3216079c0b1de617c8a79ce3e1c6f7a44cfb8f139ee4aaf110dd54fd4f81cf3cf8f94bc38844c673c8c67304fb9e2aea9c00006f5301ec1e831e6564edbd09cf120ae780963739f8d077133a20af9331ec2f70867a051dcb1673c82ab976e69e58d7124e58d4ff1cfca782fe3bd8cf732decb782fe3bd8cf7faf8042b21231c96d08a640000000049454e44ae426082, 11),
(10, b'1', 'In+hNFprpo7l0KR2Iyu57F5jEeUCZqy2ZQMnZvf9UErj6sGR65dLeQ==', 0x89504e470d0a1a0a0000000d494844520000015e0000015e0100000000e5504ab7000001bb49444154785eedd2c171c3300c445176a2febb62219e51b81f9004fb90f184b865e198a4160f3a841ee7f7f51a9fc92f655ccbb896712de35ac6b58c6bfd173c0775e870e87bce383f1de30ecc03eb44c6fade316ec0dcc60223acb4069e8e7123069d177c7b8d712fd6495213da8c5b71ae8bc062ab1de30e3ca823afa57eb263dc81efca7bd1212ea29671adbf60c0d4adacbf5894b2c5b0710fe617be7ab4af2e5a3812e35dac640d28552f9f118f35dec6eaad607de9694c734f64dc82a373dbe31ad6b646531bef6202e5d194cb9d0393c6fb984ce9da99d489277d141a77601a233b928c33f604c6fb382d876b26583ca08db73132a672cdf9a1996c1aef62e5ea730b03c0e92022306ec18a4558c3084cbd83d0b8050fe479196d3cc70b088db7f1ca221c7482e5cde8106f34dec7490753b12b1fc8d4c6fbb87c81537ebde37e8571072699b4f3a0959821e3167cd594634f7d3c99f13e8eff3e6d2e61a8ad0906e2d1b801f3a4461e359f431a8fd0781f67c49d30a57b6289c0b815eb0c501281760d1837626d7882539ad4b8099711509e74d04b28e36d3c28f5f8c43c92778436dec5df95712de35ac6b58c6b19d732ae655cebf50357701b24aa62d13c0000000049454e44ae426082, 12),
(11, b'1', 'd/qrcDkRaa1s1dP48EiZFpVi5cw0ak9giIkBgSBKtGMoDwy2c6v8Vw==', 0x89504e470d0a1a0a0000000d494844520000015e0000015e0100000000e5504ab7000001b749444154785eedd24172c3300c0340fd44ffff951e921995002887eda193a9782b185b96c8450e71c6febc5ee367e79732ae655ccbb896712de35ac6b5fe0b5e8335f1c432f7caeb4c8c5b300f3122a1c15e9d676e7c8ff1261e2a15813231eec4b10d12775ecc1877e34518f7c03176f56b8c1b7089640c3dad676e7c8d072bd1b74f4e8c3bf0a9856ebe8788ca3c655ceb2f387efa99636ca174eb8564caf81ac7df9c8f5c7056508c03e36bbcd906a04094160f70e31eacd6d989eb83d6346ec2e830b0746b8e0da3f955c6d71856e00458fc06cd8c1b70ce31431fe337e4c3b803c79857526a76184c6b7c8d632432f3b570cf1513248d1bf04e438e9430101fc63d58dd5835c2498bc2481837601c4f20c113cb9171038ed333c1412d1ed46319dfe2341a2ea6520b6a35bec518684a98d171de13c7c6f798017a04306492176f96f12de6ef0fc8dd84c2fab4e58d6ff1a9a5414a5c9bd0b807d75f9f7bec14c98f710be681ed80b837289ed8d01877602292fd36b1436160dc8bc578a69e0a511b77613af28ce8839c710b3e11d03c70c34e96f1351eac0931384607879a37bec59f95712de35ac6b58c6b19d732ae655cebf505e2916bc548d574d90000000049454e44ae426082, 13),
(12, b'1', 'KMJIBW0hh7W/3maiZa8x21QWx5o5HpevEydaBn6D2/Q=', 0x89504e470d0a1a0a0000000d494844520000015e0000015e0100000000e5504ab70000020e49444154785eed99b16dc4400c04693870e81254ca97f62e4da5a804851f3c4c739777d2bd60d80efc54b29be840ce450bf248c8fcefbadb31f283048f123c4af028c1a3048f123c4af0a806af969a22f2e276f5c5de226cd7b925ae82eb61a4dce7697d0bd83f2e01f3d63c3121f814f80e9bf6d4f2ce13ae9bd153c1a7c1990a11de23824f84fdf6ea28ab88f8a7fde2a0e027c3fc20f5fa0903ed9db77c2f34c1e53081980ad6feeef4434b08ae8777dd22131f8c6a28ab07091ef574381da45f515618d55856663cf45b826b613c404ee37a59f116ba5f4b09ae8643edddc1a6e91f71c2adcd4ac127c02be6b1d0d2c6661c00fb6c2cabe36b25b80076a4b2d7715a4659416460aee07a383a5b1a673948a3fb65a14d6dbb115c0efb2d8db3a8a62060655b731061c509ae86d7661c1ca45f9b958bc1dc94e05a386c8b53b4380e66390cb0c5257ce875826be01ee9f5457166cb415a703d8c2242223b5b1f9b73d3b4ef7a9de002385f99a5cfcf791d1136bdc7b2125c0423420779b82cc6417a93e07a78139b9ee7cf17ef561e7add26c1a3fe1dcebdd26285c173438131ac9cb825f80c3823f3e458f6b1cb34989e1e1d145c04e782d91c8c51ad353d5879c7f026f84c18efce7ec09cc094e013e17d668371e87ea82f4282ab617e02e654e028ab3b374d44049f035b6ae2019be6b8f5d353c1d5f0df247894e0518247091e257894e05182473d11fe0236827ff88e0565ee0000000049454e44ae426082, 14),
(13, b'1', 'FLi+X238uSRXRy/27nqLqTBh/4DtezQ1GK9U3LusOc4ALT+Vw9iRtg==', 0x89504e470d0a1a0a0000000d494844520000015e0000015e0100000000e5504ab7000001b749444154785eedd1cb71c3300c455174c2febb52219e71f42e4086f122e33191551e24d1f81c6861c5f3fd78c46be79730dec3780fe33d8cf730dec3788fff82af20c61523cb710df5c69a18b7e0349c659fe23abf27c6e7f8fef36f2193df60d67362dc8aabafa3a8f19fe035b9f7f418f7e23ab95589fc981877e02086e0cb5513e30ebc22e77c991004cd30de879f60fdf5080dc5b043a966d9373ec7d92749ce4a28c6ec1a1fe3a417130ab84e2d5019b760d9c1191ad322addcb803978d910bac6007997113c6b321c48456bda56a63f566fd1116d54708cd417c214d42a97113ce96c62b25d1be711b7eae76fa589beaa6353ec757f5ee470b2a4879855ac65d586d7e4029661b6bdc8087eeef27342e5333e30e9cffbdfa99f071b68971075671554f7afd5cb542189f6271ae508cac2a53912bc6c7f89ea4a62b21a984f718f7606add00f2ac4351af303ec63318a61ccfbcd7637c8e4137513a1d6bba681bb7606ace74f2705e54daf81cab851b7c0872f8a2c67df862c0064d9dc2d9376ec54ae9e8648831eec073451bdabbe5b69073e3631cc4a0993070778392303ec5ef85f11ec67b18ef61bc87f11ec67b18eff1f8029641231cf488adbc0000000049454e44ae426082, 15),
(14, b'1', '4t02cAPT3e2nFAcPWoJsm9JBB7VxU33nR9DzK/X2dy7WV3geT/2JPg==', 0x89504e470d0a1a0a0000000d494844520000015e0000015e0100000000e5504ab7000001b849444154785eedd14b7204210c0350df84fbdf8a834c5507498671b2484d05ef22f70feca7de10cfe7f58a9f9d5fcab896712de35ac6b58c6b19d7fa2f78066be08bd798ebfa36316ec1dc5060b916f07562dc83751249f389cceda0711b1699589fcbb81d4fc2071b25ea6f8c1b7089ec27aff7dcf81a07eb8072e5c4b803ef9ae8ea04b813da65fc9efd0db3bd246f7d06a338134e8c5b300dbefb39196cf39c8c6f31a7e7a6210efec2b80bafcd62fa1c8ee41e1ab76074305cc598c20ab26ddc8201b97fc4b04044b9ec1837e00c4c0d0578288c1837e1400d04f052509e7b95f12d7e27d6383804a17eb78caff11a6172ce041d2e261c5fc63d38e70fce06b1609e3e8c9b300d260008ed3483498caf31d4ee4ea5b247ad89f135e668b100e48b24ff81b87103a69aba114a871d299ac6f75889819b3428d90c7d51c6b79813f4713a780f9e466ef91fe306bc0ba135608c5290ff32bec7e86b946b642613c3b8118b61142088d0e74a657c8f37c22604034d9e500e8cdb30da50bcd01edc06b57117c62924d7eacc8c7b7069af0f02689d05cbf81a076be834064e45fd5c2a607c8b3f2be35ac6b58c6b19d732ae655ccbb8d6eb0bcb640b3455e77d620000000049454e44ae426082, 16);

-- --------------------------------------------------------

--
-- Table structure for table `dependencies`
--

DROP TABLE IF EXISTS `dependencies`;
CREATE TABLE IF NOT EXISTS `dependencies` (
  `id` int(11) NOT NULL AUTO_INCREMENT,
  `active` bit(1) NOT NULL,
  `name` varchar(60) NOT NULL,
  `description` varchar(200) DEFAULT NULL,
  PRIMARY KEY (`id`),
  UNIQUE KEY `UK_o28ll9h3tkop6jb8jgawqd486` (`name`)
) ENGINE=InnoDB AUTO_INCREMENT=4 DEFAULT CHARSET=utf8mb4 COLLATE=utf8mb4_0900_ai_ci;

--
-- Dumping data for table `dependencies`
--

INSERT INTO `dependencies` (`id`, `active`, `name`, `description`) VALUES
(1, b'1', 'EJPP', NULL),
(2, b'1', 'RECTORADO', NULL),
(3, b'1', 'FCFMYN', NULL);

-- --------------------------------------------------------

--
-- Table structure for table `persons`
--

DROP TABLE IF EXISTS `persons`;
CREATE TABLE IF NOT EXISTS `persons` (
  `id` int(11) NOT NULL AUTO_INCREMENT,
  `active` bit(1) NOT NULL,
  `dependency_fk` int(11) NOT NULL,
  `dni` varchar(255) NOT NULL,
  `last_name` varchar(60) NOT NULL,
  `name` varchar(60) NOT NULL,
  PRIMARY KEY (`id`),
  UNIQUE KEY `UK_t0tma5e5ec4leolu2gaqpc9v7` (`dni`),
  KEY `FK45asdrvmcs4956tf0xjo5dgki` (`dependency_fk`)
) ENGINE=InnoDB AUTO_INCREMENT=17 DEFAULT CHARSET=utf8mb4 COLLATE=utf8mb4_0900_ai_ci;

--
-- Dumping data for table `persons`
--

INSERT INTO `persons` (`id`, `active`, `dependency_fk`, `dni`, `last_name`, `name`) VALUES
(2, b'1', 2, '25267262', 'TISSERA', 'CRISTIAN'),
(3, b'1', 3, '35069255', 'LABELLA', 'DANILO'),
(4, b'1', 3, '42069255', 'BRAIAN', 'PAEZ'),
(5, b'1', 2, '20556789', 'PUTIN', 'VLADIMIR'),
(6, b'1', 1, '27889214', 'RAMIRES', 'BERNARDO'),
(7, b'1', 1, '36789001', 'VILLEGAS', 'GERMAN'),
(8, b'1', 1, '30987556', 'GRIMALDI', 'FLORENCIA MARIA'),
(10, b'1', 1, '30789078', 'DI GENARO', 'EUGENIA IRMA'),
(11, b'1', 1, '21987773', 'FERNANDEZ', 'CARMEN TRANSITO'),
(12, b'1', 1, '30277321', 'SAA', 'BELEN GIMENA'),
(13, b'1', 1, '19026714', 'ACOSTA', 'RAMON'),
(14, b'1', 1, '25669784', 'PAES', 'INES'),
(15, b'1', 3, '23784333', 'PRINTISTA', 'MARCELA'),
(16, b'1', 3, '32889741', 'BRITO', 'JOSE MARIA');

-- --------------------------------------------------------

--
-- Table structure for table `person_roles`
--

DROP TABLE IF EXISTS `person_roles`;
CREATE TABLE IF NOT EXISTS `person_roles` (
  `person_id` int(11) NOT NULL,
  `roles` int(11) DEFAULT NULL,
  KEY `FK8h79dres20ovl8t688wqnu44y` (`person_id`)
) ENGINE=InnoDB DEFAULT CHARSET=utf8mb4 COLLATE=utf8mb4_0900_ai_ci;

--
-- Dumping data for table `person_roles`
--

INSERT INTO `person_roles` (`person_id`, `roles`) VALUES
(2, 2),
(3, 0),
(3, 2),
(4, 0),
(5, 3),
(6, 1),
(7, 2),
(8, 2),
(10, 2),
(11, 2),
(12, 2),
(13, 2),
(14, 2),
(15, 2),
(16, 1);

-- --------------------------------------------------------

--
-- Table structure for table `registers`
--

DROP TABLE IF EXISTS `registers`;
CREATE TABLE IF NOT EXISTS `registers` (
  `id` int(11) NOT NULL AUTO_INCREMENT,
  `access_fk` int(11) NOT NULL,
  `active` bit(1) NOT NULL,
  `check_in` datetime(6) NOT NULL,
  `check_out` datetime(6) DEFAULT NULL,
  `person_fk` int(11) NOT NULL,
  PRIMARY KEY (`id`),
  KEY `FKtmfb2oybsntp68y4j8f4w5jop` (`access_fk`),
  KEY `FKmoi12pdkb8c4vrn2lmvubmbu3` (`person_fk`)
) ENGINE=InnoDB DEFAULT CHARSET=utf8mb4 COLLATE=utf8mb4_0900_ai_ci;

-- --------------------------------------------------------

--
-- Table structure for table `users`
--

DROP TABLE IF EXISTS `users`;
CREATE TABLE IF NOT EXISTS `users` (
  `id` int(11) NOT NULL AUTO_INCREMENT,
  `account` varchar(60) NOT NULL,
  `active` bit(1) NOT NULL,
  `dni` varchar(1) NOT NULL,
  `email` varchar(11) NOT NULL,
  `password` varchar(60) NOT NULL,
  `privileges` int(11) NOT NULL,
  `last_name` varchar(1) NOT NULL,
  `name` varchar(1) NOT NULL,
  PRIMARY KEY (`id`),
  UNIQUE KEY `UK_r2bdsy4yqtkpssr475ch00bdr` (`account`),
  UNIQUE KEY `UK_6aphui3g30h49muho4c91n0yl` (`dni`),
  UNIQUE KEY `UK_6dotkott2kjsp8vw4d0m25fb7` (`email`)
) ENGINE=InnoDB DEFAULT CHARSET=utf8mb4 COLLATE=utf8mb4_0900_ai_ci;

-- --------------------------------------------------------

--
-- Table structure for table `weeklies`
--

DROP TABLE IF EXISTS `weeklies`;
CREATE TABLE IF NOT EXISTS `weeklies` (
  `id` int(11) NOT NULL AUTO_INCREMENT,
  `active` bit(1) NOT NULL,
  `end` datetime(6) DEFAULT NULL,
  `friday` bit(1) NOT NULL,
  `monday` bit(1) NOT NULL,
  `person_fk` int(11) NOT NULL,
  `saturday` bit(1) NOT NULL,
  `start` datetime(6) NOT NULL,
  `sunday` bit(1) NOT NULL,
  `thursday` bit(1) NOT NULL,
  `tuesday` bit(1) NOT NULL,
  `wednesday` bit(1) NOT NULL,
  PRIMARY KEY (`id`),
  KEY `FKhxs6l1a46snu8i4hcmxjhbsf8` (`person_fk`)
) ENGINE=InnoDB AUTO_INCREMENT=15 DEFAULT CHARSET=utf8mb4 COLLATE=utf8mb4_0900_ai_ci;

--
-- Dumping data for table `weeklies`
--

INSERT INTO `weeklies` (`id`, `active`, `end`, `friday`, `monday`, `person_fk`, `saturday`, `start`, `sunday`, `thursday`, `tuesday`, `wednesday`) VALUES
(1, b'1', NULL, b'1', b'1', 2, b'0', '2022-10-28 03:43:58.290000', b'0', b'1', b'1', b'1'),
(2, b'1', NULL, b'1', b'1', 3, b'0', '2022-10-28 03:43:58.290000', b'0', b'1', b'1', b'1'),
(3, b'1', NULL, b'1', b'1', 4, b'0', '2022-10-28 03:43:58.290000', b'0', b'1', b'1', b'1'),
(4, b'1', NULL, b'1', b'1', 5, b'0', '2022-10-31 21:13:34.788000', b'0', b'1', b'1', b'1'),
(5, b'1', NULL, b'1', b'1', 6, b'0', '2022-10-31 21:20:23.384000', b'0', b'1', b'1', b'1'),
(6, b'1', NULL, b'1', b'1', 7, b'0', '2022-10-31 21:20:53.335000', b'0', b'1', b'1', b'1'),
(7, b'1', NULL, b'1', b'1', 8, b'0', '2022-10-31 21:21:17.037000', b'0', b'1', b'1', b'1'),
(8, b'1', NULL, b'1', b'1', 10, b'0', '2022-10-31 21:21:55.410000', b'0', b'1', b'1', b'1'),
(9, b'1', NULL, b'1', b'1', 11, b'0', '2022-10-31 21:22:42.744000', b'0', b'1', b'1', b'1'),
(10, b'1', NULL, b'1', b'1', 12, b'0', '2022-10-31 21:23:37.531000', b'0', b'1', b'1', b'1'),
(11, b'1', NULL, b'1', b'1', 13, b'0', '2022-10-31 21:24:37.669000', b'0', b'1', b'1', b'1'),
(12, b'1', NULL, b'1', b'1', 14, b'0', '2022-10-31 21:25:19.930000', b'0', b'1', b'1', b'1'),
(13, b'1', NULL, b'1', b'1', 15, b'0', '2022-10-31 21:25:50.328000', b'0', b'1', b'1', b'1'),
(14, b'1', NULL, b'1', b'1', 16, b'0', '2022-10-31 21:27:01.009000', b'0', b'1', b'1', b'1');

--
-- Constraints for dumped tables
--

--
-- Constraints for table `credentials`
--
ALTER TABLE `credentials`
  ADD CONSTRAINT `FK1j8wje6aitf1udnkjwno1t8ci` FOREIGN KEY (`person_fk`) REFERENCES `persons` (`id`);

--
-- Constraints for table `persons`
--
ALTER TABLE `persons`
  ADD CONSTRAINT `FK45asdrvmcs4956tf0xjo5dgki` FOREIGN KEY (`dependency_fk`) REFERENCES `dependencies` (`id`);

--
-- Constraints for table `person_roles`
--
ALTER TABLE `person_roles`
  ADD CONSTRAINT `FK8h79dres20ovl8t688wqnu44y` FOREIGN KEY (`person_id`) REFERENCES `persons` (`id`);

--
-- Constraints for table `registers`
--
ALTER TABLE `registers`
  ADD CONSTRAINT `FKmoi12pdkb8c4vrn2lmvubmbu3` FOREIGN KEY (`person_fk`) REFERENCES `persons` (`id`),
  ADD CONSTRAINT `FKtmfb2oybsntp68y4j8f4w5jop` FOREIGN KEY (`access_fk`) REFERENCES `accesses` (`id`);

--
-- Constraints for table `weeklies`
--
ALTER TABLE `weeklies`
  ADD CONSTRAINT `FKhxs6l1a46snu8i4hcmxjhbsf8` FOREIGN KEY (`person_fk`) REFERENCES `persons` (`id`);
COMMIT;

/*!40101 SET CHARACTER_SET_CLIENT=@OLD_CHARACTER_SET_CLIENT */;
/*!40101 SET CHARACTER_SET_RESULTS=@OLD_CHARACTER_SET_RESULTS */;
/*!40101 SET COLLATION_CONNECTION=@OLD_COLLATION_CONNECTION */;
